horizon,mae
1d,0.38332620493221004
3d,0.6568036904009201
7d,0.9909703844997845
30d,1.9544129926156038
